id,status,outer_qty,inner_qty,common_unit,item_name,pack_string,vendor,sku,parsed_pack,override_values
8d90a9e9-dbb6-45f5-887a-5bc3868e65c1,approved,96,500,ea,Toilet Paper,96/500 CT,pfg,235838,,
c0e330ff-5b68-427f-8b1b-2b99828eb13b,approved,10,100,ea,Cold Cup Lids,10/100 CT,pfg,603923,,
ff7ddddd-594f-4265-8303-a9cd1af8bca4,approved,12,14,oz,Digestive Cookies,12/14.1OZ,pfg,204867,,
96e54cba-6168-45e8-aa38-412594e868db,approved,1,25,lb,Dusting Flour,1/25 LB,pfg,557845,,
85c34d6a-066b-4814-8c3a-36df5a872186,approved,4,12,ea,Chocolate Chip Cookies,48/2OZ,pfg,820246,,
885af466-d155-4b22-a3bf-4aac7d44a959,approved,2,5,lb,Feta Cheese,2/5LB,pfg,361663,,
ab27a0a6-a1a8-473e-b8a2-83d688a522ca,approved,2,1,gal,Peroxide (Dispenser),2/.8 GA,pfg,529191,,
9e193793-3fa0-44f1-9e7f-59389f0d80a2,approved,6,1,lb,Fresh Mozzarella Sliced,6/1LB,pfg,638061,,
db8c16da-131f-4052-b641-7dae4ec11085,approved,4,5,lb,Gorgonzola,4/5LB,pfg,683850,,
a7b3dbb7-53e2-404e-bd4b-e836ded83031,approved,4,5,lb,Ricotta,4/5LB,pfg,537827,,
886c4ee5-0812-401b-be14-6be0eceb23c0,approved,6,5,lb,Shredded Mozzarella,6/5LB,pfg,1005947,,
fdff8672-f1a4-4d05-8a51-83ba1b1545a4,approved,1,36,ea,Hershey's Bars,1/36 CT,pfg,336055,,
b077d02a-7f2e-4400-a70c-f3ecb9b63c9d,approved,1,192,oz,Hot Honey,1/192 OZ,pfg,609447,,
c21e1434-2343-47bf-be1d-ae9f23b4d878,approved,8,5,lb,Italian Sausage,8/5LB,pfg,454609,,
4ce10e97-a5d8-4c47-bb67-3d1d13a405e3,approved,4,128,oz,Lemonade Base,4/128OZ,pfg,565284,,
c879f522-471d-4b59-8fcc-5a9a1ba980ff,approved,10,100,ea,Medium Gloves,10/100 CT,pfg,609025,,
64b18a32-74ef-4c02-91a5-ff87cd2b33bb,approved,8,4,lb,New Pesto,8/4 LB,pfg,1043068,,
bb95da0e-1a18-431f-96df-c81e37e76447,approved,1,5,lb,Oregano,1/5LB,pfg,261432,,
4c28f22c-9cb8-4a29-a1ae-85666c731363,approved,3,20,ea,Green Scrub Pads,3/20CT,pfg,41085,,
a21f665f-66df-49f8-9992-2569afd41f15,approved,4,1,gal,Ranch Dressing,4/1GA,pfg,54442,,
8fe9969d-34d0-4f61-8b51-70f1102bda6e,approved,10,33,oz,Black Olives,10/33OZ,pfg,189279,,
86ed269e-52c0-40ba-b4d4-bea81a9d3a8a,approved,20,50,ea,Small Paper Cups (16 oz),1/1000 CT,pfg,851417,,
09d9c41d-cc9d-4d27-a910-8c9778c27059,approved,1,24,ea,Lemon Pellegrino 11.2oz,24/330ML,pfg,803282,,
ec4a14b0-0ee8-49e8-8cab-025a3f6f092e,approved,4,1,gal,Caesar Dressing,4/1GA,pfg,30296,,
87ce4335-9577-4849-be81-e4149c8bf4b2,approved,24,,ea,Cauliflower Crust,24/6.9OZ,pfg,597098,,
7ea10846-806d-4d2e-8e2b-3c29ee55f8fb,approved,4,2.5,lb,Croutons,4/2.5 LB,pfg,321334,,
566a510a-3aef-493d-9df4-dd631718cca0,approved,2,1,gal,Dish Machine Detergent (Dispenser),2/1 GA,pfg,243538,,
ed76fbb8-7b28-46da-aad8-0235ac6acae5,approved,2,1,gal,Fruit/Veggie Wash (Dispenser),2/1GA,pfg,488267,,
3d775a8d-41eb-4b57-bb7e-f863d6a825a4,approved,4,1,gal,Frank's Red Hot Sauce,4/1 GA,pfg,268060,,
7198a655-2586-4645-8935-b98cdd4c1dc1,approved,1,5,lb,Garlic Cloves,1/5LB,pfg,283987,,
fd8137d3-5232-4ba9-8ca7-d3ed9ab51c23,approved,4,5,lb,Grated Parmesan,4/5LB,pfg,486538,,
48188c04-b145-48ce-a001-f180c24594d8,approved,4,5,lb,Shaved Parmesan,4/5 LB,pfg,620994,,
6e53706c-9f7e-456c-a4b9-e8d6fb5029b7,approved,4,1,gal,Hand Soap,4/1 GA,pfg,243636,,
72b26ab9-9d5d-465b-a8a5-f279ae0a436e,approved,50,6,oz,Honest Apple Juice 6oz,50/6OZ,pfg,623806,,
cb76b5e4-fc1f-4b3b-a8a0-95c637ced9f4,approved,4,1,gal,Jalapeno Peppers,4/1GA,pfg,718429,,
6e19c3e1-5dc4-4fac-a7f0-bf2b8f2b532f,approved,1,250,ea,Large Paper Bags - Blaze Logo,1/250 CT,pfg,491401,,
8992653a-29d0-4bb0-bb0f-4a045aee83ac,approved,24,8,oz,Low Fat Chocolate Milk 8oz,24/8OZ,pfg,682242,,
0d2486d3-dc96-42d7-92ea-70a7f9c3b7e2,approved,12,1,lb,Marshmallows,12/1 LB,pfg,535332,,
f903ae16-575a-408a-8754-78eb6b573a62,approved,6,5,lb,Pepperoni,6/5LB,pfg,248716,,
d99b78f2-a6c2-46bf-b6e2-31c237ed2a16,approved,12,500,ea,Napkins,12/500 CT,pfg,437345,,
29929db2-21df-4128-884c-30665ecbc7df,approved,25,40,ea,Regular Paper Cups (24 oz),1/1000CT,pfg,851423,,
35ae801c-b8bc-427e-b2b3-07db78503336,approved,5,2,lb,Sliced Ham,5/2LB,pfg,937936,,
3691ae6b-fb5a-4f63-aee4-b2747e7ac8a4,approved,6,16,oz,Stainless Steel Polish (Aerosol Spray),6/16 OZ,pfg,243526,,
eb45c380-8cae-47c4-9dd0-fdabfbc5d9fc,approved,12,5,oz,Tabasco Sauce,12/5 OZ,pfg,42228,,
d2353d44-6dcb-44f9-83cf-00da0fbd8d26,approved,10,10,ea,Trash Can Liner 23 Gallon,10/10 CT,pfg,320565,,
b9f4fdae-ed42-4121-b659-62a029481723,approved,1,24,ea,Blood Orange Pellegrino 11.2oz,24/330 ML,pfg,801626,,
2d1d1f21-d794-47bc-8160-8ffb729fc209,approved,2,32,ea,Brownies,2/1 CT,pfg,645079,,
125d159b-7160-4381-b703-d02b77faf241,approved,6,5,lb,Diced Chicken,6/5LB,pfg,205416,,
ab44428a-07fc-4749-bcff-0231e456c3ac,approved,2,1,gal,Dish Soap (Dispenser),2/1 GA,pfg,243641,,
a9601c70-f057-49df-b153-c3fcd76e82e8,approved,1,5,gal,Extra Virgin Olive Oil,1/5 GA,pfg,618386,,
244581a2-be64-41cb-bf40-2ba8fa3a57b3,approved,12,1,rl,Chit Paper Rolls,12/1 RL,pfg,688796,,
708ee1b2-ab7c-440a-8958-750c22981d38,approved,1,1,ea,Napkin Dispenser,1/1 CT,pfg,366408,,
7990ae0c-ed04-4dcb-98ed-72b5e8e0f877,approved,2,1,gal,Sanitizer (Dispenser),2/1GA,pfg,244419,,
3a27638f-73b8-4c7f-9cfe-66f9d2bd2d17,approved,2,9.6,lb,Gluten Free Flour,2/9.6LB,pfg,390485,,
6008262b-c36e-4962-9a78-e71ec3cd6365,approved,18,37,oz,Goodie Bags,18/36.8OZ,pfg,340770,,
b806c827-0326-4491-8ea1-ee8bdad0c104,approved,32,3,oz,Iced Tea Bags,32/2.75OZ,pfg,278951,,
f8ff3358-3a88-4ea4-9fc7-1a7feb9d6700,approved,10,100,ea,Large Gloves,10/100 CT,pfg,608998,,
4d81ae68-80c8-4f42-a925-8f72250e0d3c,approved,24,8,oz,Low Fat Milk 8oz,24/8OZ,pfg,591407,,
b0c23830-1baf-4694-9ae5-0fab0c955245,approved,4,10,lb,Meatballs,4/10LB,pfg,214134,,
b5f88ddd-3407-4d32-96fc-c75d393e1978,approved,5,1000,ea,Pizza Liners,5/1000CT,pfg,963870,,
bba6879f-fa3d-4df5-b39c-8da71b955ee3,approved,24,17,oz,Water Bottle 16.9oz,24/16.9OZ,pfg,916863,,
ffb6f6a8-7f21-47a0-a608-b73603e57f86,approved,2,5,lb,Bacon,2/5LB,pfg,446132,,
e2df1305-0c0f-4865-8ccf-42218873ab61,approved,2,1,gal,Balsamic Glaze,2/1GA,pfg,422105,,
2da59c4b-68a6-4716-a813-e6afe3ff9c1e,approved,4,1,gal,Banana Peppers,4/1GA,pfg,718428,,
9d976b9d-f169-4321-b581-ef9312e27ac6,approved,6,104,oz,Blaze Red Sauce Can,6/#10 CN,pfg,611957,,
251302e5-441b-4e95-96c2-6ad781912472,approved,2,2,lb,Goat Cheese,2/2 LB,pfg,612307,,
0a73aa7e-7922-45fd-98e9-fa27400b6f6d,approved,6,30,oz,Blood Orange Puree,6/30 OZ,pfg,276111,,
4ac67ab3-4cc9-43f5-a680-d5f4112b658f,approved,4,1,gal,Canola Oil,4/1GA,pfg,239717,,
f0529fb8-dbce-4ee8-811d-96ae4fa086e5,approved,6,3,lb,Chopped Garlic,6/3LB,pfg,461896,,
7c1a1bf1-69ae-475a-b6ca-5db0088a3147,approved,1,4,lb,Crushed Red Pepper Bulk,1/4 LB,pfg,264698,,
29a7fb52-a40f-46fb-9633-ec3c02f3b64f,approved,2,1,gal,Degreaser (Dispenser),2/1 GA,pfg,243658,,
b9a416b5-0c8f-42b2-bf98-edd28e1fcd06,approved,20,100,ea,Dessert Bags,20/100 CT,pfg,330237,,
465219bc-ac67-4247-8e41-e7c9da30d403,approved,1,2.5,gal,Vitamin Water XXX BIB 2.5g,1/2.5GA,pfg,436444,,
305515b5-62d9-4cb7-b1dc-06b6524e4856,approved,2,1,gal,Floor Cleaner (Dispenser),2/1 GA,pfg,243637,,
7ffdbd7d-4658-40c3-ba90-415f0dbfbe91,approved,2,1,gal,Quick Dry Rinse Aid (Dispenser),2/1 GA,pfg,243663,,
cd8dffdd-51f3-40c3-b054-56e1df91d5ff,approved,2,1,gal,Quintet Sanitizer (Dispenser),2/1 GA,pfg,244417,,
e4fe3c52-cb51-40e0-8773-574a77c278c3,approved,6,2,lb,Vegan Cheese,6/2.2LB,pfg,1014398,,
6999d174-5783-45ad-97dc-ab4ea4d83fa3,approved,9,50,ea,Meatball Bucket Lid,9/50 CT,pfg,218001,,
88160f1b-a043-4437-8f00-6e4e10264b81,approved,10,250,ea,2 oz Portion Cups,10/250 CT,pfg,869787,,
e48730a7-6c61-4bac-a36b-ddcacfc55733,approved,6,10,lb,Pineapple Tidbits (Produce Alliance),6/10 LB,produce_alliance,31363,,
ceeb0f54-a554-4e28-a4bb-31b17d96a0c3,approved,6,1,qt,Restroom Cleaner w/Bleach (Bottle),6/1 QT,pfg,243671,,
ff9eccf2-54b7-4198-8678-86a8ea874196,approved,1,250,ea,To-Go Bags with Handle,1/250 CT,pfg,360400,,
a38ffd38-c5f2-4062-911e-da660a28609e,approved,2,5,lb,Vegan Chorizo,2/5 LB,pfg,621183,,
0e8300de-d8c6-49b7-9b35-2653c5ea0413,approved,20,50,ea,Water Cups,20/50CT,pfg,579979,,
e64a28a4-7ab6-4660-a8a5-428b35c4d8fc,approved,10,100,ea,X-Large Gloves,10/100 CT,pfg,609006,,
c411bbee-5b5c-4ac0-b016-90e85c1083d5,approved,8,4,lb,White Sauce,8/4 LB,pfg,1043126,,
776c7bc0-7722-4829-acfc-7a29bbb58afe,approved,4,3,lb,Roasted Broccoli,4/3 LB,produce_alliance,10575,,
f905b757-d8ce-4186-8ade-7d2dcbb58f0e,approved,1,1000,ea,Knives,1/1000CT,pfg,707270,,
43383b12-9010-47c3-9298-4c06e095f82f,approved,20,125,ea,3 oz Portion Lids,20/125CT,pfg,870045,,
973abff1-920f-4288-9f56-42c1eb1283fd,approved,4,500,ea,Straws (Individually Wrapped Style),4/500CT,pfg,1046834,,
bb73ee4d-2176-4f84-91da-6eb4c4e4cf72,approved,1,2.5,lb,Baby Spinach,1/2.5 LB,produce_alliance,1249,,
28c33956-6c2f-43e8-802d-a4eee5c1b7da,approved,12,72,ea,Sanitizer Wipes,12/72 CT,pfg,557764,,
300fddef-3008-4ff0-81da-8691982b8d51,approved,1,5,oz,Tabasco Sauce,1/5 OZ,pfg,479695,,
7675d31f-7ed1-44f7-bf26-a0c7e922255d,approved,4,158,oz,BBQ Sauce,4/158 OZ,pfg,515836,,
89fdd74e-9ffc-4dfe-96e4-89cb25560682,approved,1,10,lb,Grape Tomatoes,1/10 LB,produce_alliance,1310,,
b39248aa-94a4-48ac-8a38-d6fca00d2a95,approved,6,4,lb,Crushed Red Pepper Bulk,6/4 LB,pfg,261442,,
5ed93e4b-9560-4733-9740-6c4cc6253412,approved,20,1,lb,Yeast,20/1 LB,pfg,978733,,
b27ad6f3-86e4-47e9-a9fd-09433a7c9ed4,approved,4,5,lb,Red Onions,4/5 LB,produce_alliance,71927,,
7cddb542-b425-4c95-8394-3dea61a4a99a,approved,1,3,lb,Spring Mix,1/3 LB,produce_alliance,5579,,
52e097fc-e043-43a5-8dbe-c95ef935a10d,approved,4,3,lb,Spring Mix,4/3 LB,produce_alliance,2225,,
5e0f7f29-5539-4108-ae07-5eeff5eb2aff,approved,1,1000,ea,Forks,1/1000CT,pfg,705219,,
4eef9ba3-9af0-4c18-a2f1-2fa87a59f54f,approved,24,20,oz,Diet Coke Bottle 20oz,24/20OZ,pfg,18705,,
c2d69671-448c-408c-9ee0-f5c6f1799673,approved,1,150,ea,TOWEL WIPER BLUE FULL-SIZE HEAVY ANTIMICROBIAL,1/150CT,pfg,968717,,
d8b8354b-676b-406b-aec3-4ad7e88528e7,approved,12,6,oz,Blueberries,12/6 OZ,produce_alliance,1504,,
a3fbd3b5-7d16-41ac-a635-ac4dc6f5d96c,approved,4,2.5,lb,Baby Spinach,4/2.5 LB,produce_alliance,1250,,
50e7c73d-638f-43b9-a3d5-5e41ae290efa,approved,4,1,lb,Cilantro,4/1 LB,produce_alliance,5090,,
84b0d121-ea66-4a32-afdc-ebac624b8a66,approved,3,,ea,Blueberries,3 CT,produce_alliance,1528,,
e306d2c0-6693-418d-94c6-89ba9ca80fec,approved,6,,ea,Blueberries,6 CT,produce_alliance,1505,,
24657cc1-3f2a-4817-b4d7-d364e4d40831,approved,1,2,lb,Romaine Lettuce (Bag),1/2 LB,produce_alliance,5600,,
7f29dfe2-bfe9-4285-8cee-0ada032e5f3b,approved,4,1,lb,Strawberries,4/1 LB,produce_alliance,1542,,
bfb985dc-0d71-4d52-81dd-223832d2aa8c,approved,8,1,lb,Strawberries,8/1 LB,produce_alliance,1286,,
6740973a-8361-4974-82df-a7f5dc30fb4d,approved,1,150,ea,Cup Carriers,1/150CT,pfg,419687,,
7abb09ba-f01c-4de9-bee2-2bd99dcd1423,approved,4,75,ea,Side Salad Container,4/75CT,pfg,803786,,
24d6f709-cffb-4c2c-a8e4-19278dd3a258,approved,24,500,ml,Pellegrino Glass Bottle 500ml,24/500ML,pfg,936710,,
7116dea9-f1a3-4bb6-aaf1-602ef9bc0bc8,approved,12,500,ea,"Orange ""Sealed Hot"" Labels",12/500RL,pfg,899097,,
cb6f2daa-459c-4f0e-8b2a-44ebd3388021,approved,1,2.5,ga,Fanta Orange BIB 2.5g,1/2.5GA,pfg,983742,,
68ed6528-9232-4713-b012-03c8d0aee525,approved,6,1,qt,Enzyme Drain Cleaner (Bottle),6/1QT,pfg,243611,,
3eaeeac6-6569-490c-a94c-8bf6f70bf77c,approved,10,10,ea,CAN LINER 60 GALLON HEAVY_WEIGHT BLACK 38X58,10/10CT,pfg,585573,,
922c9cc4-85ba-4cea-bf98-00e35330f76e,approved,24,20,oz,Coke Zero Bottle 20oz,24/20OZ,pfg,290192,,
bd2b86d7-1192-4530-9544-058185cf025a,approved,2000,1,g,Equal Sweetener Packets,2000/1GM,pfg,27553,,
d124adb1-46cb-4c0e-aa5c-26bf70289e1c,approved,1,5,lb,Green Bell Peppers,1/5 LB,produce_alliance,111799,,
e5b7e3a6-297c-457d-8cc2-49e1d3ea689a,approved,1,5,gal,Dr. Pepper BIB 5g,1/5 GA,pfg,47772,,
2ba7ae78-0707-4834-98a1-2e11a2277b02,approved,1,25,lb,Granulated Sugar Bulk,1/25 LB,pfg,56920,,
843a2ec2-06a4-4e2c-bb0d-a7a8d38eace8,approved,24,12,oz,Mexican Fanta 12oz,24/12 OZ,pfg,370560,,
54985b0d-28aa-45db-9541-01517f33efe3,approved,6,2.5,kg,Roasted Red Peppers (Pouch),6/2.5KG,pfg,1019445,,
247a83f0-ff86-4b69-b1eb-5f4c267025b8,approved,6,106,oz,Spicy Red Sauce (Pouch),6/106OZ,pfg,1047357,,
a26e50e5-7736-48e5-a111-274fc67a49b3,approved,10,10,ea,Trash Can Liners 60 Gallon,10/10 CT,pfg,194629,,
f4f215ef-5014-4487-9649-e60e6dcbc3a3,approved,1,5,lb,Red Onions,1/5 LB,produce_alliance,2004262,,
d80b092a-979f-4aa8-bc8c-359b93509c22,approved,1,1,ea,Mop Head Replacement,1/1 CT,pfg,344622,,
40af0150-ce74-49a7-b321-da1768f29ae7,approved,1,3,lb,Roasted Broccoli,1/3 LB,produce_alliance,3504,,
4626f690-d39d-40b3-bbfc-625d605c1f20,approved,6,2,lb,Romaine Lettuce (Bag),6/2 LB,produce_alliance,941,,
725ab5fa-b9dc-4901-8dfa-4e41086fdf89,approved,2,5,lb,Sliced Mushrooms,2/5 LB,produce_alliance,6289,,
f31b0568-b5e9-4add-9522-767c909af09e,approved,16,250,ea,Multifold Hand Towels (Tork),16/250 CT,pfg,437582,,
555a3980-6285-431e-95ed-87f6a7923616,approved,1,20,ea,Green Scrub Pads,1/20 CT,pfg,318914,,
ba1ae0db-339c-41be-adc5-a859fff807bd,approved,20,125,ea,2 oz Portion Lids,20/125 CT,pfg,533580,,
03dfddcb-12c8-4823-92d5-60a12f6e36b0,approved,6,104,oz,Pineapple Tidbits (PFG),6/#10 CN,pfg,267823,,
583b8d00-4258-40d6-be2f-5101a4dc94db,approved,1,5,ga,Coke BIB 5g,1/5GA,pfg,26383,,
066de004-810b-4631-8020-f3b815e43255,approved,24,20,oz,Powerade Mountain Blast Bottle 20oz,24/20OZ,pfg,909514,,
beb31a20-7354-4b32-b01f-ce27ee05fceb,approved,1,200,ea,Pink Cleaning Towels,1/200CT,pfg,66140,,
94cc8e74-1d04-42db-b480-95253148f9e7,approved,10,100,ea,Small Gloves,10/100 CT,pfg,563906,,
0de9ad9d-c783-4c86-8933-c357ef08083c,approved,12,1,ea,Broom Head Replacement,12/1 CT,pfg,341048,,
4cc68116-b63c-45c2-845f-741393fc3da6,approved,12,36,ea,Hershey's Bars,12/36 CT,pfg,969736,,
3af8f9db-4769-44a7-a9bc-9c9122095db3,approved,4,4.7,lb,New Pesto,4/4.7 LB,pfg,610835,,
0073b59c-0d2a-4c09-b7ac-a2dc2b092127,approved,4,1,gal,Butter Oil,4/1 GA,pfg,875041,,
3c99cb2f-2bbd-435d-94b5-a0b36c727a27,approved,48,,ea,Romaine Hearts,48 CT,produce_alliance,5513,,
daeea090-bf69-42fa-86c7-619e506af59c,approved,1,10,lb,Sliced Mushrooms,1/10 LB,produce_alliance,6000,,
c32d9c23-d161-4904-a687-484210f6b9c0,approved,1,18,oz,Cinnamon,1/18 OZ,pfg,242837,,
2b91062d-7fe2-4a9b-9c19-f6fd25d5679b,approved,1,25,lb,Dough Flour,1/25 LB,pfg,581637,,
ee1fff4d-fd42-4f7f-9f7f-b0afed545c23,approved,1,540,ea,Plastic Coke PROMO Cups,1/540 CT,pfg,1066573,,
46c1e95a-c3bb-43a0-8064-5ba54751a783,approved,20,125,ea,2 oz Portion Cups,20/125 CT,pfg,930043,,
d7c432ed-c336-4732-b34c-661efe3cbb99,approved,24,1,lb,Powdered Sugar Bulk,24/1 LB,pfg,26206,,
4275c1cb-c8e3-4be9-a7a8-30173a783009,approved,3,10,ea,Receipt Paper Roll,3/10 CT,pfg,7313,,
59dcdfe2-9e08-44ce-a463-a365616a3c91,approved,1,2.5,ga,Cherry Coke BIB 2.5g,1/2.5GA,pfg,960172,,
c94f995b-8975-4176-89e1-5e2ef203e918,approved,1,250,ea,Toilet Seat Covers,1/250 CT,pfg,252698,,
64303dd7-4669-40f7-8ef4-e1182c285b31,approved,1,100,ea,"14"" Blaze Pizza Boxes (Large)",1/100 CT,pfg,848507,,
9c1272fb-7b18-42fc-8db3-6eb69ae6f1d0,approved,24,,ea,Bud Light 16oz Cans,BUD LT 24/16CALNR2/12,heimark,10351,,
dac20b24-74ba-4917-aec0-d779bc2e7ee1,approved,24,1,ea,Coachella Valley Brewing CDMX Cans,CVB CDMX 6/4CN,heimark,41627,,
8f1e93d5-a691-49cc-9fa0-1340a52fc2b1,approved,24,12,oz,Estrella Jalisco 12oz,ESTRELLA 24/12NR LOOSE,heimark,13636,,
1aae2e6f-546d-4474-8031-f769a954f5c5,approved,1,30,ea,Budweiser 12oz Cans,BUD 30/12 CAN,heimark,10130,,
dcf6f8dd-70e1-4223-aef1-a70f092d9fd7,approved,2,12,ea,Firestone 805 Blonde Ale Cans,FIRESTN 805 2/12NR,heimark,70935,,
48c980f5-0810-46eb-9ff4-47e54e1e572a,approved,6,4,ea,Lagunitas Heatwave IPA Cans,LQ HEATWAV 6/4CN,heimark,41261,,
c6f00ae7-d686-45a2-af10-c6c30447a361,approved,6,4,ea,Lagunitas Poolside Blonde Cans,LQ POOLSD 6/4CN,heimark,41242,,
332d6812-c892-45a4-bde8-23f98fae5512,approved,18,12,oz,Michelob Ultra 12oz Cans,MICH ULT 18/12 NR,heimark,11408,,
0d475574-5562-4eba-884b-79f5ad320d9c,approved,6,4,ea,Porch Pounder Chardonnay Cans,PORCH CHRDN 6/4CN,heimark,59789,,
d63803d7-64fc-4d31-b02a-b2643a8b022d,approved,24,11,oz,Stella Artois 11.2oz Cans,STELLA 24/11.2 LOOSE,heimark,37745,,
31759266-6547-4489-b6ad-43bc59c1ddd8,approved,16,1,ea,(NEW) Tiramisu,16/3.5OZ,pfg,1066631,,
62dcc301-73ed-4d3c-8467-7bac3015781f,approved,6,50,ea,(NEW) Large Salad Bowls,6/50CT,pfg,796943,,
a4687cf8-4b76-40ac-97c4-33938495ba1b,approved,6,1,lb,(NEW) Sliced Proscuitto,6/1LB,pfg,330211,,
46b11b5b-229c-43c3-b219-9a7227afeeb3,approved,10,100,ea,(NEW) Cold Cup Lids,10/100 CT,pfg,603923,,
828c5069-ce7a-4cd9-a6d9-9216d3862abb,approved,6,50,ea,(NEW) Small Salad Bowls,6/50CT,pfg,727122,,
53132339-70de-475f-85fe-32daeae1c52f,approved,4,75,ea,(NEW) Salad Bowl Lids,4/75CT,pfg,1019741,,
0f4d6d77-65a8-4a2d-99d9-77b7ab078cb5,approved,1,5,gal,Diet Coke BIB 5g,1/5GA,pfg,28969,,
8d8af141-543a-42c3-85b0-d07314894cb6,approved,1,5,ga,Coke Zero BIB 5g,1/5GA,pfg,883022,,
30b3e14f-1bb8-4b5b-af84-d9a84969e958,approved,12,3,lb,Sea Salt,12/3LB,pfg,104752,,
8b170170-1b5e-44f9-aceb-0871d316f854,approved,2,1000,ea,Prep N Print Label Roll,2/1000CT,pfg,597673,,
603ad17e-5317-4e36-8438-8e8fc5a8062e,approved,24,16,oz,Monster Energy Drink 16oz,24/16OZ,pfg,245725,,
92d59b0c-75bf-4791-990b-dcb43dde87df,approved,25,40,ea,24 oz Coke Branded Cups,25/40CT,pfg,849681,,
54143d9f-341e-40ca-bb81-a044cc74bbe0,approved,16,3.5,oz,(NEW) Tiramisu,16/3.5OZ,pfg,1066631,,
da35887c-6791-4cab-91e1-a593e8c1b7c5,approved,24,20,ea,Coke Bottle 20z,24/20OZ,pfg,532033,,
393ea638-2b2a-4bf6-be0c-20cb10e951ae,approved,1,5,gal,Sprite BIB 5g,1/5GA,pfg,2204,,
604e5749-e79f-4a9c-be16-7f81705c1409,approved,24,12,oz,Mexican Coke 12oz,24/12OZ,pfg,249358,,
8548d331-50cf-4c8b-b844-571eedd7b870,approved,2,75,ea,Entree Salad Container,2/75CT,pfg,803773,,
cab60189-9c18-4326-bd72-50299f70d603,approved,1,1,ea,Dispenser Sani Wipes,1/1CT,pfg,585164,,
1d5f96f8-da77-4cae-b59a-6d657dfb6d77,approved,24,20,oz,Sprite Bottle 20oz,24/20OZ,pfg,53034,,
384512f7-4bd4-41bd-bb23-efba59aa1623,approved,2,5,lb,Salami,2/5LB,pfg,408360,,
ec868a91-54d6-427b-abd9-95ac1e025f72,approved,1,450,ea,Meatball Bucket,1/450CT,pfg,851425,,
3c1c4bf4-1f33-4bc2-82f5-5a29c98c49af,approved,1,2.5,ga,Barqs Rootbeer BIB 2.5g,1/2.5GA,pfg,662001,,
1517e95d-e8d2-472b-8ef9-0f34fd0702f5,approved,1,5,ga,Cherry Coke BIB 5g,1/5GA,pfg,26877,,
12e41d3f-e6ec-4fc0-b248-2f2e9499f43c,approved,1,2.5,ga,Dr Pepper BIB 2.5g,1/2.5GA,pfg,488067,,
1816d086-83e6-4cca-9525-f3a438720a76,approved,1,1000,ea,(NEW) Plastic Spoons,1000/1CT,pfg,1002342,,
18f1d43a-0d3a-470c-ad37-2e3388973163,approved,24,8.4,oz,Red Bull 8.4oz,24/8.4OZ,pfg,355368,,
a52622a1-e8ce-408f-a2f0-3e19170486c7,approved,24,330,ml,Orange Pellegrino 11.2oz,24/330ML,pfg,803286,,
8a189711-bc8f-441b-8d89-1fe19338f807,approved,4,2,kg,Kalamata Olives,4/2KG,pfg,686856,,
8df315c1-b65f-4f11-88aa-4081dfc18225,approved,1,200,ea,1/2 Pizza Boxes,1/200 CT,pfg,848524,,
63850819-6570-4158-90e0-a38459357435,approved,200,4,g,Parmesan Packets,200/3.5GM,pfg,232186,,
46dab69c-571e-499d-b00b-d37a4405ad8b,approved,500,1,g,Red Pepper Packets,500/1GM,pfg,231628,,
6fe43c58-d4b2-4351-ba32-a55a887bc11c,approved,24,1,l,Water Bottle 16.9oz,24/.5 LT,pfg,289178,,
ac597ebc-5bd9-43b2-ab4f-767e5ec545c1,approved,6,1,ea,Artichokes,6/2.5KG,pfg,180950,,
8a866d9e-3a72-4abe-82e1-8cdc4fe75d5c,approved,1,100,ea,"11"" Blaze Pizza Boxes",1/100 CT,pfg,848494,,
bef97798-04bb-491f-9d6a-76fc059c52d3,approved,1,4,lb,Arugula,1/4 LB,produce_alliance,5000,,
1a7a7860-1b79-4fed-bcd1-aedc455fc07f,approved,1,1,ea,Handle Replacement,1/1CT,pfg,312381,,
8e2a2b14-4405-48e4-bf7d-98a6f04bfc58,approved,1,5,ga,Fanta Orange BIB 5g,1/5GA,pfg,964693,,
5e2dd374-af48-4820-9dc1-a6ddb436d048,approved,10,250,ea,3 oz Portion Cups,10/250CT,pfg,869934,,
c4665a2f-0782-4864-9825-96b659c14533,approved,4,1,ga,Banana Peppers,4/1 GA,pfg,718428,"{""inner_qty"": 1, ""outer_qty"": 4, ""inner_type"": ""ga"", ""outer_type"": ""case"", ""common_unit"": ""ga""}",null
e04a02a9-248e-4f5c-92cd-284ca41fc3b9,approved,3,1000,ea,Wax Paper 9x9 inch,3/1000 CT,pfg,241193,"{""inner_qty"": 1000, ""outer_qty"": 3, ""inner_type"": ""ea"", ""outer_type"": ""case"", ""common_unit"": ""ea""}",null
72c29b4a-8f80-4f95-b70c-936004e5cbd9,approved,1,5,ga,Barqs Rootbeer BIB 5g,1/5 GA,pfg,54033,"{""inner_qty"": 5, ""outer_qty"": 1, ""inner_type"": ""ga"", ""outer_type"": ""case"", ""common_unit"": ""ga""}",null
2403d5fd-004e-4974-9cac-e3749f08aa22,approved,24,330,ml,Blood Orange Pellegrino 11.2oz,24/330 ML,pfg,801626,"{""inner_qty"": 330, ""outer_qty"": 24, ""inner_type"": ""ml"", ""outer_type"": ""case"", ""common_unit"": ""ml""}",null
21864aac-dd1d-4bff-9219-2d133763a541,approved,1,100,ea,Beard Net,1/100 CT,pfg,912657,"{""inner_qty"": 100, ""outer_qty"": 1, ""inner_type"": ""ea"", ""outer_type"": ""case"", ""common_unit"": ""ea""}",null
1547ff3f-64d1-42e0-9200-35540cb7f566,approved,10,100,ea,Water Cup Lids,10/100 CT,pfg,870410,"{""inner_qty"": 100, ""outer_qty"": 10, ""inner_type"": ""ea"", ""outer_type"": ""case"", ""common_unit"": ""ea""}",null
0cce7f62-ad60-4d22-9b52-eb4e281d2c89,approved,1,1000,ea,"1"" Deli ""Hot"" Label Roll",1/1000 CT,pfg,943842,"{""inner_qty"": 1000, ""outer_qty"": 1, ""inner_type"": ""ea"", ""outer_type"": ""case"", ""common_unit"": ""ea""}",null
de987d18-3986-4569-8e87-936a16a83f3c,approved,6,2.5,kg,Artichokes,6/2.5 KG,pfg,180950,"{""inner_qty"": 2.5, ""outer_qty"": 6, ""inner_type"": ""kg"", ""outer_type"": ""case"", ""common_unit"": ""kg""}",null
227a015a-435b-4eac-915d-a67b2984bf69,approved,2,1,ga,Balsamic Glaze,2/1 GA,pfg,422105,"{""inner_qty"": 1, ""outer_qty"": 2, ""inner_type"": ""ga"", ""outer_type"": ""case"", ""common_unit"": ""ga""}",null
ba1bf3bb-42f8-424c-b411-360003955677,proposed,6,1,qt,Peroxide Disinfectant w/Bleach,6/1 QT,pfg,591390,"{""inner_qty"": 1, ""outer_qty"": 6, ""inner_type"": ""qt"", ""outer_type"": ""case"", ""common_unit"": ""qt""}",null
d683f073-915a-468e-ad22-e67de14cf99f,proposed,200,3.5,gm,Parmesan Packets,200/3.5 GM,pfg,232186,"{""inner_qty"": 3.5, ""outer_qty"": 200, ""inner_type"": ""gm"", ""outer_type"": ""case"", ""common_unit"": ""gm""}",null
8f6a3859-43ea-43c9-aded-e801c97f3a4d,proposed,32,2.75,oz,Iced Tea Bags,32/2.75 OZ,pfg,278951,"{""inner_qty"": 2.75, ""outer_qty"": 32, ""inner_type"": ""oz"", ""outer_type"": ""case"", ""common_unit"": ""oz""}",null
e0d41718-a37f-4f40-a60f-cf33e392a10f,proposed,1,100,ea,Fruit/Veggie Wash Test Strips,1/100 CT,pfg,515275,"{""inner_qty"": 100, ""outer_qty"": 1, ""inner_type"": ""ea"", ""outer_type"": ""case"", ""common_unit"": ""ea""}",null
6ccd53b1-82cf-4076-a8af-34f80d33ef84,proposed,2,64,oz,Chipotle Sauce,2/64 OZ,pfg,896859,"{""inner_qty"": 64, ""outer_qty"": 2, ""inner_type"": ""oz"", ""outer_type"": ""case"", ""common_unit"": ""oz""}",null
3e17e56f-e1c5-4095-ab0e-fecc3e122aed,proposed,1,5,ga,Powerade Mountain Blast BIB 5g,1/5 GA,pfg,955714,"{""inner_qty"": 5, ""outer_qty"": 1, ""inner_type"": ""ga"", ""outer_type"": ""case"", ""common_unit"": ""ga""}",null
d18e735b-12cd-4ee2-aa0a-9799256b16f9,proposed,2000,0.1,oz,Sugar Packets,2000/.1 OZ,pfg,351199,"{""inner_qty"": 0.1, ""outer_qty"": 2000, ""inner_type"": ""oz"", ""outer_type"": ""case"", ""common_unit"": ""oz""}",null
0af72fec-1cb7-4bc3-bd59-e83d526a4680,proposed,2,0.8,ga,Peroxide (Dispenser),2/.8 GA,pfg,529191,"{""inner_qty"": 0.8, ""outer_qty"": 2, ""inner_type"": ""ga"", ""outer_type"": ""case"", ""common_unit"": ""ga""}",null
3d40b441-364c-4b78-bf82-1ae13fa09627,proposed,48,2,oz,Chocolate Chip Cookies,48/2 OZ,pfg,820246,"{""inner_qty"": 2, ""outer_qty"": 48, ""inner_type"": ""oz"", ""outer_type"": ""case"", ""common_unit"": ""oz""}",null
abb83334-6eba-4bd3-a7cc-33aa63aa451c,proposed,2,1,ga,Glass Cleaner (Concentrate),2/1 GA,pfg,259393,"{""inner_qty"": 1, ""outer_qty"": 2, ""inner_type"": ""ga"", ""outer_type"": ""case"", ""common_unit"": ""ga""}",null
ca882172-b6fe-42ea-9009-9dcb674714a0,proposed,18,36.8,oz,Goodie Bags,18/36.8 OZ,pfg,340770,"{""inner_qty"": 36.8, ""outer_qty"": 18, ""inner_type"": ""oz"", ""outer_type"": ""case"", ""common_unit"": ""oz""}",null
d94a96fd-6851-4db4-acaa-451226e907e6,proposed,24,330,ml,Lemon Pellegrino 11.2oz,24/330 ML,pfg,803282,"{""inner_qty"": 330, ""outer_qty"": 24, ""inner_type"": ""ml"", ""outer_type"": ""case"", ""common_unit"": ""ml""}",null
cda4821f-26d4-49a9-9629-f17daf98aea5,proposed,12,14.1,oz,Digestive Cookies,12/14.1 OZ,pfg,204867,"{""inner_qty"": 14.1, ""outer_qty"": 12, ""inner_type"": ""oz"", ""outer_type"": ""case"", ""common_unit"": ""oz""}",null
e04a2a97-0d21-455c-868f-5b6c9780d409,proposed,24,12,oz,IBC Cream Soda Bottle 20oz,24/12 OZ,pfg,597733,"{""inner_qty"": 12, ""outer_qty"": 24, ""inner_type"": ""oz"", ""outer_type"": ""case"", ""common_unit"": ""oz""}",null
0e1193df-d38e-451d-8e6a-34bfc31c505a,proposed,24,20,oz,Coke Bottle 20z,24/20 OZ,pfg,532033,"{""inner_qty"": 20, ""outer_qty"": 24, ""inner_type"": ""oz"", ""outer_type"": ""case"", ""common_unit"": ""oz""}",null
